{
  "id": "",
  "name": "",
  "font_family": "iconfont",
  "css_prefix_text": "icon-",
  "description": "",
  "glyphs": [
    {
      "icon_id": "7618",
      "name": "设置",
      "font_class": "shezhi",
      "unicode": "f0003",
      "unicode_decimal": 983043
    },
    {
      "icon_id": "301795",
      "name": "购物车",
      "font_class": "gouwuche",
      "unicode": "e62c",
      "unicode_decimal": 58924
    },
    {
      "icon_id": "339466",
      "name": "客服",
      "font_class": "kefu",
      "unicode": "e635",
      "unicode_decimal": 58933
    },
    {
      "icon_id": "577334",
      "name": "店铺",
      "font_class": "dianpu",
      "unicode": "e736",
      "unicode_decimal": 59190
    },
    {
      "icon_id": "633008",
      "name": "扫一扫",
      "font_class": "saoyisao",
      "unicode": "e618",
      "unicode_decimal": 58904
    },
    {
      "icon_id": "689262",
      "name": "类目 品类 分类 类别",
      "font_class": "leimupinleifenleileibie",
      "unicode": "e7f9",
      "unicode_decimal": 59385
    },
    {
      "icon_id": "1020317",
      "name": "消息",
      "font_class": "xiaoxi",
      "unicode": "e655",
      "unicode_decimal": 58965
    },
    {
      "icon_id": "1056868",
      "name": "删除",
      "font_class": "shanchu",
      "unicode": "e6ac",
      "unicode_decimal": 59052
    },
    {
      "icon_id": "1110886",
      "name": "垃圾桶",
      "font_class": "lajitong",
      "unicode": "e615",
      "unicode_decimal": 58901
    },
    {
      "icon_id": "1137772",
      "name": "返回",
      "font_class": "fanhui",
      "unicode": "e675",
      "unicode_decimal": 58997
    },
    {
      "icon_id": "1294846",
      "name": "返回顶部",
      "font_class": "backtop",
      "unicode": "e63a",
      "unicode_decimal": 58938
    },
    {
      "icon_id": "1330733",
      "name": "更多",
      "font_class": "gengduo",
      "unicode": "e748",
      "unicode_decimal": 59208
    },
    {
      "icon_id": "3892256",
      "name": "首页",
      "font_class": "shouye",
      "unicode": "e61b",
      "unicode_decimal": 58907
    },
    {
      "icon_id": "5034919",
      "name": "搜索",
      "font_class": "sousuo",
      "unicode": "e60c",
      "unicode_decimal": 58892
    },
    {
      "icon_id": "8576730",
      "name": "个人中心",
      "font_class": "gerenzhongxin",
      "unicode": "e642",
      "unicode_decimal": 58946
    },
    {
      "icon_id": "11893488",
      "name": "关闭",
      "font_class": "guanbi",
      "unicode": "e611",
      "unicode_decimal": 58897
    },
    {
      "icon_id": "12476912",
      "name": "收藏",
      "font_class": "shoucang",
      "unicode": "e60a",
      "unicode_decimal": 58890
    }
  ]
}
